,turnover
2022-05-25,1.0
2022-06-27,0.4705882352941177
2022-07-27,0.4705882352941177
2022-08-25,0.0
2022-09-26,0.5882352941176472
2022-10-25,0.235294117647059
2022-11-23,0.5882352941176472
2022-12-23,0.40000000000000024
2023-01-26,0.26565464895635693
2023-02-27,0.49299719887955196
2023-03-28,0.2857142857142858
2023-04-27,0.3529411764705885
2023-05-26,0.0
2023-06-28,0.0
2023-07-28,0.0
2023-08-28,0.0
2023-09-27,0.11764705882352963
2023-10-26,0.34166666666666673
2023-11-27,0.29166666666666663
2023-12-27,0.2583333333333334
2024-01-29,0.16666666666666652
2024-02-28,0.10000000000000013
2024-03-28,0.1
2024-04-29,0.0
2024-05-29,0.3
2024-06-28,0.3
2024-07-30,0.4
2024-08-28,0.4552380952380952
2024-09-27,0.6371428571428571
2024-10-28,0.38095238095238104
2024-11-26,0.2741108354011581
